data_type,title,url,date,author,imagename,excerpt,publisher,published_year,published_month,authors_pub,journal,volume,issue,source_media
Media Mention,Integrating Satellite Data with Local Knowledge for Community Empowerment,https://servir.icrisat.org/integrating-satellite-data-with-local-knowledge-for-community-empowerment/,5/13/24,,,,,,,,,,,servir.icrisat.org
Media Mention,Automated Weather Insurance Could Offer Help in an Increasingly Hot World,https://www.bloomberg.com/news/articles/2023-07-10/during-wildfire-hurricane-season-new-weather-insurance-could-help-homeowners?embedded-checkout=true,7/10/23,,,,,,,,,,,bloomberg.com
Media Mention,How is climate change limiting access to insurance?,https://www.eco-business.com/news/how-is-climate-change-limiting-access-to-insurance/,6/5/23,,,,,,,,,,,eco-business.com
Media Mention,How is climate change limiting access to insurance?,https://www.context.news/climate-risks/how-is-climate-change-limiting-access-to-insurance,5/31/23,,,,,,,,,,,context.news
Media Mention,Study Findings from Columbia University Broaden Understanding of Agriculture,https://insurancenewsnet.com/oarticle/study-findings-from-columbia-university-broaden-understanding-of-agriculture-an-information-theoretic-approach-to-reconciling-historical-climate-observations-and-impacts-on-agriculture-agriculture,10/25/22,,,,,,,,,,,insurancenewsnet.com
Media Mention,Using Tech to Help African Farmers Collect Index Insurance Payouts,https://www.engineering.columbia.edu/news/using-tech-help-african-farmers-collect-payouts,9/15/22,,,,,,,,,,,engineering.columbia.edu
Media Mention,Voices of CS: Zachary Huang,https://www.cs.columbia.edu/2022/voices-of-cs-zachary-huang/,8/31/22,,,,,,,,,,,cs.columbia.edu
Media Mention,Analysis: As cities bake on a warming planet insurers cook up heatwave cover,https://www.reuters.com/article/heatwave-insurance-climatechange/analysis-as-cities-bake-on-a-warming-planet-insurers-cook-up-heatwave-cover-idUSL8N2GS56K,1/20/21,,,,,,,,,,,reuters.com
Media Mention,Bangladesh: Climate risk insurance gets major boost,https://www.asiainsurancereview.com/News/View-NewsLetter-Article/id/72453/Type/eDaily/Bangladesh-Climate-risk-insurance-gets-major-boost,1/4/21,,,,,,,,,,,asiainsurancereview.com
Media Mention,What Happens When Natural Disaster Strikes During a Pandemic?,http://www.ilstv.com/what-happens-when-natural-disaster-strikes-during-a-pandemic/,4/24/20,,,,,,,,,,,ilstv.com
Media Mention,Climate and agriculture: From local to global impacts,https://www.eesi.org/articles/view/climate-and-agriculture-from-local-to-global-impacts,9/17/18,,,,,,,,,,,eesi.org
Media Mention,A global index insurance design for agriculture,http://agfax.com/2018/09/04/a-global-index-insurance-design-for-agriculture/,9/4/18,,,,,,,,,,,agfax.com
Media Mention,A global index insurance design for agriculture,https://www.engineering.columbia.edu/news/global-index-insurance-design-agriculture,8/20/18,,,,,,,,,,,engineering.columbia.edu
Media Mention,India: Parametric insurance for agricultural risks – A way forward,https://www.business-standard.com/article/finance/india-parametric-insurance-for-agricultural-risks-a-way-forward-118020800049_1.html,2/8/18,,,,,,,,,,,business-standard.com
Media Mention,New IRI research on agricultural index insurance in Africa,https://www.youtube.com/watch?v=W0-h30v-H0Y,6/15/17,,,,,,,,,,,youtube.com
Media Mention,Agricultural Insurance: Can Technology Boost the Safety Net?,https://www.agri-business.com/agribusiness-news/agricultural-insurance-can-technology-boost-the-safety-net,6/12/17,,,,,,,,,,,agri-business.com
Media Mention,Index Insurance for Agriculture,http://news.columbia.edu/tag/index-insurance-for-agriculture,3/24/17,,,,,,,,,,,news.columbia.edu
Media Mention,Q&A: Using Climate Data to Protect Farmers Against Shocks,http://blogs.ei.columbia.edu/2017/02/09/qa-using-climate-data-to-protect-farmers-against-shocks/,2/9/17,,,,,,,,,,,blogs.ei.columbia.edu
Media Mention,Better Index Insurance for Farmers,http://www.earthzine.org/2016/11/17/better-index-insurance-for-farmers/,11/17/16,,,,,,,,,,,earthzine.org
Media Mention,Better Index Insurance for Farmers,http://www.columbia.edu/content/better-index-insurance-farmers,9/19/16,,,,,,,,,,,columbia.edu
Media Mention,Better Index Insurance for Farmers,http://www.sciencemag.org/content/353/6304/1105.summary,9/9/16,,,,,,,,,,,sciencemag.org
Media Mention,Q&A: The Importance of Climate in Agriculture,http://blogs.ei.columbia.edu/2016/08/18/qa-the-importance-of-climate-in-agriculture/,8/18/16,,,,,,,,,,,blogs.ei.columbia.edu
Media Mention,Insurance for Africa’s Rain-fed Farmers,http://blogs.ei.columbia.edu/2016/04/14/insurance-for-africas-rain-fed-farmers/,4/14/16,,,,,,,,,,,blogs.ei.columbia.edu
Media Mention,Q&A: Getting Farmers Ready for a Changing Climate,http://blogs.ei.columbia.edu/2015/05/29/qa-getting-farmers-ready-for-a-changing-climate/,5/29/15,,,,,,,,,,,blogs.ei.columbia.edu
Media Mention,Making climate risk data actionable,http://www.fao.org/in-action/glofard/news-detail/en/c/280036/,4/1/15,,,,,,,,,,,fao.org
Media Mention,Building climate resilience in agriculture,http://blogs.ei.columbia.edu/2015/02/10/building-climate-resilience-in-agriculture/,2/10/15,,,,,,,,,,,blogs.ei.columbia.edu
Media Mention,Ganaderos participarán de un simulacro de funcionamiento del primer seguro de índice de sequía,http://www.lainformacion.com.do/noticias/economia/17220/ganaderos-participaran-de-un-simulacro-de-funcionamiento-del-primer-seguro-de-indice-de-sequia,1/27/14,,,,,,,,,,,lainformacion.com.do
Media Mention,Ganaderos participarán en un simulacro sobre índice de sequía,http://hoy.com.do/ganaderos-participaran-en-un-simulacro-sobre-indice-de-sequia/,1/27/14,,,,,,,,,,,hoy.com.do
Media Mention,A call to action: building an index insurance community in Bangladesh,http://www.ccafs.cgiar.org/blog/call-action-building-index-insurance-community-bangladesh#.Umqfc5GrH1t,10/9/13,,,,,,,,,,,ccafs.cgiar.org
Media Mention,USAID impulsará seguro para agricultores,http://www.diariolibre.com/noticias/2013/02/12/i371097_usaid-impulsara-seguro-para-agricultores.html?utm_source=RSS_Feed&utm_medium=RSS&utm_campaign=RSS_1,2/12/13,,,,,,,,,,,diariolibre.com
News/Feature,Celebrating Women in Science: Sari Blakeley,https://iri.columbia.edu/news/celebrating-women-in-science-sari-blakeley/,2/15/24,IRI,Celebrating_Women_in_Science__Sari_Blakeley.png,"Adapted from a story written by Olga Rukovets for the State of the Planet news site. Sari Blakeley did not always dream of a career in science. In fact, when she was younger, her understanding of “science” always involved “people in lab coats pipetting liquids over a Bunsen burner.” Over time, her perspective on science [&hellip;]",,,,,,,,
News/Feature,Crowdsourcing to Build Better Insurance,https://iri.columbia.edu/news/crowdsourcing-insurance/,4/7/22,Francesco Fiondella,Crowdsourcing_to_Build_Better_Insurance.jpeg,"In order to offer protective insurance to even greater numbers of smallholder farmers, in 2021 ACToday began testing mobile crowdsourcing apps that tap into the experiences and memories of farmers themselves.",,,,,,,,
News/Feature,IRI at COP26 &#8211; Mélody Braun on Why COP Matters,https://iri.columbia.edu/news/iri-at-cop26-melody-braun-on-why-cop-matters/,11/2/21,Brynne Wilcox,,"The United Nations’ twenty-sixth Conference of the Parties, or COP26, is taking place in Glasgow, Scotland from October 30 to November 12. The COP is the largest and most important international meeting on climate change. The countries involved come together to make a number of crucial decisions to stabilize greenhouse gas emissions in order to [&hellip;]",,,,,,,,
News/Feature,"In New Project, Millions of Farmers Will Help to Improve Insurance Against Climate Disasters",https://iri.columbia.edu/news/in-new-project-millions-of-farmers-will-help-to-improve-insurance-against-climate-disasters/,10/29/21,IRI,In_New_Project__Millions_of_Farmers_Will_Help_to_I.jpg,"This story was originally written by Kristin French and published on the State of the Planet blog. Megafires, extreme weather, locust swarms, pandemics: These are just some of the many natural disasters that have devastated farmers in recent years, destroying livelihoods and leaving hunger in their wake. Between 2008 and 2018, disasters cost the agricultural [&hellip;]",,,,,,,,
News/Feature,Index Insurance for Madagascar’s Groundnut Farmers,https://iri.columbia.edu/news/index-insurance-for-madagascars-groundnut-farmers/,10/5/21,IRI,Index_Insurance_for_Madagascar_s_Groundnut_Farmers.jpg,by Yohana Tesfamariam Tekeste and Souha Ouni Designing financial tools and processes that help farmers bounce back from droughts and other extreme weather events is a crucial part of their strategy to adapt to longer-term climate change. The Financial Instruments Sector Team (FISTeam) of the International Research Institute for Climate and Society has been an [&hellip;],,,,,,,,
News/Feature,Insurance Tools for Climate Adaptation: Q&#038;A with Rahel Diro,https://iri.columbia.edu/news/insurance-tools-for-climate-adaptation-qa-with-rahel-diro/,8/31/21,Jacquelyn Turner,,The world’s 570 million smallholder farmers are among the most vulnerable to the impacts of current and future climate variability and climate change. They need support and science-based strategies to make their communities resilient to these impacts and enable them to have sustainable livelihoods no matter what the climate might bring. One adaptation strategy being [&hellip;],,,,,,,,
News/Feature,iKON: Playing to Adapt,https://iri.columbia.edu/news/ikon-playing-to-adapt/,8/5/21,IRI,,"Climate risk instruments are designed to help farmers adapt to climate variability and change. These instruments are usually driven by data from satellites and weather stations, but these data sets can be improved over time using community-sourced observation data. Currently, such farmer data collection is limited to small-scale focus groups. However, increasing constraints on direct [&hellip;]",,,,,,,,
News/Feature,2021 ACToday Highlight: Helping Provide Insurance to a Million Smallholder Farmers,https://iri.columbia.edu/news/2021-actoday-highlight-helping-provide-insurance-to-a-million-smallholder-farmers/,5/11/21,IRI,2021_ACToday_Highlight__Helping_Provide_Insurance_.jpg,"This story was published as part of the Adapting Agriculture to Climate Today, for Tomorrow (ACToday) Columbia World Project 2021 Report. Read the full report here. Since its launch in 2017, ACToday has invested in forecasts, monitoring tools and other information products to help government agencies, humanitarian organizations and farmers better plan for droughts and [&hellip;]",,,,,,,,
News/Feature,Improving Risk Indicators: Introducing the Next Generation Drought Index Project,https://iri.columbia.edu/news/improving-risk-indicators-introducing-the-next-generation-drought-index-project/,3/11/21,Jacquelyn Turner,Improving_Risk_Indicators__Introducing_the_Next_Ge.jpg,"Across the globe, food security continues to be a significant challenge, one that is estimated to increase with the compounding factors of the COVID-19 pandemic and climate change. The Next Generation Drought Index (NGDI) project addresses this challenge by leveraging satellite technology and drought modeling to provide&nbsp;humanitarian and development agencies&nbsp;access to the latest and most [&hellip;]",,,,,,,,
News/Feature,Climate Risk Insurance for Colombia&#8217;s Smallholder Rice Farmers,https://iri.columbia.edu/news/climate-risk-insurance-for-colombias-smallholder-rice-farmers/,5/29/20,Francesco Fiondella,,"The Adapting Agriculture to Climate Today, for Tomorrow (ACToday) Columbia World Project has helped create advanced and sustainable climate services around the world tailored for agricultural decision making. Countries are using these new services to manage many of the climate-related risks to their food systems. But even the best climate services by themselves cannot manage [&hellip;]",,,,,,,,
News/Feature,ACToday Columbia World Project enabling insurance to reach a million farmers in Ethiopia,https://iri.columbia.edu/news/actoday-enabling-insurance-to-reach-a-million-farmers-in-ethiopia/,4/7/20,Francesco Fiondella,ACToday_Columbia_World_Project_enabling_insurance_.jpg,"The Adapting Agriculture to Climate Today, for Tomorrow Columbia World Project (ACToday) has been working with its Ethiopian partners to create new climate tools for decision makers working in agriculture and food security. These investments are now directly enabling the World Food Programme (WFP) to reach its 2022 target of providing a million smallholder farmers in Ethiopia with affordable insurance against droughts and other climate risks.",,,,,,,,
News/Feature,IRI@AGU: Crossing the &#8216;Predictability Desert&#8217;,https://iri.columbia.edu/news/crossing-the-predictability-desert/,12/9/19,Jacquelyn Turner,,"Until recently, predicting rainfall and temperature at the subseasonal timescale (i.e. between two weeks and three months) was considered impossible. That’s beginning to change, thanks to the efforts of IRI&#8217;s Andrew Robertson, the head of IRI&#8217;s climate group and co-chair of the steering group of the Subseasonal to Seasonal (S2S) Prediction Project. &nbsp;In the Q&amp;A [&hellip;]",,,,,,,,
News/Feature,IRI@AGU: Focusing on Floods,https://iri.columbia.edu/news/focusing-on-floods/,12/3/19,Jacquelyn Turner,IRI_AGU__Focusing_on_Floods.png,"Often considered one of the most revolutionary technologies for climate research, remote sensing has the capacity to vastly improve the predictive strength of a wide variety of forecasting methodologies. &nbsp;However, this is still a rapidly-growing field and continuing to evaluate and cross-reference remote sensing data against other data-gathering methods is necessary to improve accuracy, a [&hellip;]",,,,,,,,
News/Feature,ACToday Q&amp;A: J. Nicolás Hernandez-Aguilera on Coffee and Climate,https://iri.columbia.edu/news/actoday-nicolas-coffee-and-climate/,9/4/19,Carla Pena Singson,,"IRI's Juan Nicolás Hernandez-Aguilera discusses his research on sustainable coffee production. Originally from Colombia, his interest in the stark contrast between Colombia’s natural resource wealth and high levels of inequality, rural violence and deforestation has manifested in feeling a “responsibility to bring research toward action.”",,,,,,,,
News/Feature,IRI@AGU: Farmers&#8217; Perceptions as Data,https://iri.columbia.edu/news/iri-agu-farmer-perceptions-as-data/,12/7/18,Jacquelyn Turner,,"As our climate continues to change, it becomes increasingly important to consider the effects this will have around the world, especially in developing countries where many small farmers already struggle. &nbsp;For more than 10 years, researchers at IRI have been developing index insurance, which would provide a safety net for farmers who experience devastating climate [&hellip;]",,,,,,,,
News/Feature,"After Ten Years of Index Insurance, What&#8217;s Next?",https://iri.columbia.edu/news/after-ten-years-of-index-insurance-whats-next/,10/16/18,Elisabeth Gawthrop,,"Despite an overabundance of food in some parts of the world, about 815 million people suffered from chronic undernourishment in 2016. Poor nutrition leads to nearly half of deaths in children under the age of five. Many of those who are hungry are farmers and their families. Our food systems clearly aren’t working as well [&hellip;]",,,,,,,,
News/Feature,Upping Our Game: Crop Insurance Project Proves Wildly Successful,https://iri.columbia.edu/news/upping-our-game/,3/6/18,Elisabeth Gawthrop,Upping_Our_Game__Crop_Insurance_Project_Proves_Wil.jpg,"A weather index insurance tool is graduating from research project to commercial product. Using multimedia and infographics, a new story puts the technical process in the context of its real-world impact. Find out how the International Research Institute for Climate and Society&#8217;s Financial Instruments Sector team pulled it off, and how the project could be [&hellip;]",,,,,,,,
News/Feature,New Climate Data Transforms Insurance Projects in Africa,https://iri.columbia.edu/news/enacts-transforms-insurance-projects-in-africa/,4/12/17,IRI,New_Climate_Data_Transforms_Insurance_Projects_in_.jpg,"By Dan Osgood, Lead Scientist, IRI Financial Instruments Sector Team Small farms are vulnerable to climate risk, but most smallholder farmers around the world don’t have access to insurance and other financial tools to manage fluctuations in climate. Over the past decade we’ve put a great deal of effort into a new kind of insurance&#8211;index insurance&#8211;that [&hellip;]",,,,,,,,
News/Feature,Financial Instruments Sector Team Launches New &#8220;Trade Blog&#8221;,https://iri.columbia.edu/news/financial-instruments-sector-team-launches-new-trade-blog/,2/16/17,IRI,Financial_Instruments_Sector_Team_Launches_New__Tr.png,"The Financial Instruments Sector Team has launched a new publication on Medium, called Inside Index Insurance. The purpose of the publication is to provide a range of content types from team members &#8211; from quick dispatches from activities around the world to in-depth analysis of the technical components of financial instruments. &#8220;I&#8217;ve always wanted to know more about what [&hellip;]",,,,,,,,
News/Feature,IRI@AGU: Schedule of Events 2016,https://iri.columbia.edu/news/iri-agu-schedule-of-events-2016/,12/9/16,Elisabeth Gawthrop,IRI_AGU__Schedule_of_Events_2016.jpg,"A range of IRI’s areas of expertise will be represented at this year’s annual meeting of the American Geophysical Union (AGU). Many of the presentations center on fundamental climate science, including analyses of the influence of climate variability and change on rainfall in the US, Iran, South America and the Sahel, as well as the [&hellip;]",,,,,,,,
News/Feature,New Climate Data in Zambia Unlocks Insurance Opportunities,https://iri.columbia.edu/news/new-climate-data-in-zambia-unlocks-insurance-opportunities/,11/22/16,Mélody Braun,New_Climate_Data_in_Zambia_Unlocks_Insurance_Oppor.jpg,"In mid September, IRI staff helped launch an innovative new data platform in Lusaka, Zambia that combines satellite rainfall estimates with the country’s existing network of rain gauges. The platform, developed with the Zambia Meteorological Department and through funding from NASA, is the latest to come out of IRI’s Enhancing National Climate Services (ENACTS) initiative [&hellip;]",,,,,,,,
News/Feature,Remote Sensing and Index Insurance: Finding a Common Language,https://iri.columbia.edu/news/remote-sensing-and-index-insurance-finding-a-common-language/,8/10/16,IRI,Remote_Sensing_and_Index_Insurance__Finding_a_Comm.jpg,"by Bristol Powell &amp; Helen Greatrex, Financial Instruments Sector Team   Satellite products could give index insurance projects the scaling power they seek, but challenges remain. A workshop held earlier this year addressed these challenges head on. Index insurance is innovative, but can it reach a critical mass? Until recently, many have doubted that index insurance could scale [&hellip;]",,,,,,,,
News/Feature,"25,000 Insured Ethiopian Farmers Receive Payments for El Niño Droughts",https://iri.columbia.edu/news/ethiopiar4drought/,7/1/16,IRI,,"By Daniel Osgood More than 25,000 insured farming families in Ethiopia have received payments for crop loss and damages after a year of devastating drought caused in large part by the 2015 El Niño. The farmers purchased the insurance through the R4 Rural Resilience Initiative [latest report], run by the World Food Program and Oxfam America. [&hellip;]",,,,,,,,
News/Feature,El Niño 2015 Conference Report,https://iri.columbia.edu/news/el-nino-2015-conference-report/,4/6/16,IRI,El_Niño_2015_Conference_Report.png,"In November 2015, the International Research Institute for Climate and Society at Columbia University, in collaboration with the World Meteorological Organization, the U.S. Agency for International Development and the U.S. National Oceanic and Atmospheric Administration, convened the El Niño 2015 Conference. The report from this conference is now available. In addition to recordings and summaries of the [&hellip;]",,,,,,,,
News/Feature,Farmers receive insurance payouts in Senegal,https://iri.columbia.edu/news/farmers-receive-insurance-payouts-in-senegal/,4/5/16,IRI,Farmers_receive_insurance_payouts_in_Senegal.jpg,"In Tambacounda, Senegal, small-scale farmers rely on sufficient and steady rainfall at key times of the growing season. As climate change leads to increased irregularity and intensity of rainfall events, the adaptation strategies employed by farmers to cope with shocks do not always suffice. The fear of poor productivity in a year often prevents them from [&hellip;]",,,,,,,,
News/Feature,VIDEO: What tools do Honduran farmers want for climate risk?,https://iri.columbia.edu/news/video-what-tools-do-honduran-farmers-want-for-climate-risk/,12/17/15,IRI,VIDEO__What_tools_do_Honduran_farmers_want_for_cli.jpg,"Text by Sofía Martínez Video by Elisabeth Gawthrop, Sofía Martínez and Courtney St. John Answers from insurance research La version en español esta disponible aquí.  During the first of the two growing seasons of 2015, grain farmers in El Paraíso, Honduras faced one of the worst droughts in history, with losses ranging from 60 to 100% [&hellip;]",,,,,,,,
News/Feature,¿Cuáles herramientas quieren los productores hondureños para el riesgo climático?,https://iri.columbia.edu/news/cuales-herramientas-quieren-los-productores-hondurenos-para-el-riesgo-climatico/,12/17/15,IRI,Cuáles_herramientas_quieren_los_productores_hondur.jpg,"Texto por Sofía Martínez Video por Elisabeth Gawthrop, Sofía Martínez and Courtney St. John Respuestas de la investigación English version available here.  Durante las dos temporadas agrícolas del 2015, los productores de granos básicos de El Paraíso, Honduras se enfrentaron a una de las peores sequías en la historia, con pérdidas desde un 60 hasta [&hellip;]",,,,,,,,
News/Feature,IRI@AGU: Schedule of Events 2015,https://iri.columbia.edu/news/iri-agu-schedule-of-events-2015/,12/10/15,Elisabeth Gawthrop,IRI_AGU__Schedule_of_Events_2015.jpg,"The IRI has seven scientists and staff presenting on a wide range of topics at the American Geophysical Union (AGU) Meeting this year. Andrew Robertson and Alexis Berg will present advancements in our fundamental understanding of earth&#8217;s systems. Eunjin Han, Pietro Ceccato and Pradipta Parhi will discuss methods for using our climate knowledge for applications in agriculture, health and [&hellip;]",,,,,,,,
News/Feature,Climate Resilience (Animation),https://iri.columbia.edu/news/cr_animation/,12/5/15,IRI,Climate_Resilience__Animation.png,"Climate resilience: it’s the ability for communities to recover from the impacts of climate events. It’s the difference between weather being manageable&#8230;or a catastrophe. But for many parts of the world, where livelihoods depend so much on the climate, critical weather and climate information is unavailable or unusable. The International Research Institute for Climate and [&hellip;]",,,,,,,,
News/Feature,IRI @ Climate Week NYC 2015,https://iri.columbia.edu/news/iri-climate-week-nyc-2015/,9/15/15,Francesco Fiondella,IRI___Climate_Week_NYC_2015.gif,"Staff members from the International Research Institute for Climate and Society (IRI) are participating in a number of high-level events during Climate Week NYC  this year. See the schedule below, and follow the links for more information. Launch of the Global Nutrition Report Tuesday, September 22 5:00 pm &#8211; 8:00 pm, Hearst Building, New York Climate change is complicating global efforts [&hellip;]",,,,,,,,
News/Feature,VIDEOS: A Host of Visitors,https://iri.columbia.edu/news/videos-a-host-of-visitors/,3/27/15,Elisabeth Gawthrop,VIDEOS__A_Host_of_Visitors.png,"A walk through the International Research Institute for Climate and Society is often punctuated by the sounds of French, Spanish and other languages drifting through the halls. Our international staff contributes to this, but usually it&#8217;s a sign that we are hosting visitors for training and collaborations. Despite the increasing online connectedness of our world, [&hellip;]",,,,,,,,
News/Feature,New Study Proves Weather-Based Index Insurance Can Work For Rural Poor on Large Scale,https://iri.columbia.edu/news/new-study-proves-weather-based-index-insurance-can-work-for-rural-poor-on-large-scale/,1/26/15,IRI,New_Study_Proves_Weather-Based_Index_Insurance_Can.jpg,"Findings spur Nigerian government to look into solutions to cover 15 million farmers by 2017 LONDON, UNITED KINGDOM (26 January 2015) — Nigerian government officials will convene in London this week to gather advice for scaling-up agricultural insurance policies for smallholder farmers, to bolster the up and coming agricultural powerhouse’s resilience to climate and market shocks. ￼The meeting [&hellip;]",,,,,,,,
News/Feature,VIDEO: Designing Insurance with Dominican Dairy Producers,https://iri.columbia.edu/news/designing-insurance-with-dominican-dairy-producers/,12/19/14,Elisabeth Gawthrop,VIDEO__Designing_Insurance_with_Dominican_Dairy_Pr.jpg,"Over the last year, the financial instruments sector team at IRI has been working in the Dominican Republic to design an index insurance product for the country&#8217;s dairy producers. This work has been part of the Climate Resiliency and Index Insurance Program (CRII), funded by the USAID office in the Dominican Republic. In a new video, we show how researchers [&hellip;]",,,,,,,,
News/Feature,Insurance and Adaptation: Farmer Driven Opportunities (Video),https://iri.columbia.edu/news/insurance-and-adaptation-farmer-driven-opportunities/,11/12/14,Elisabeth Gawthrop,Insurance_and_Adaptation__Farmer_Driven_Opportunit.jpg,"The Financial Instruments Sector team at the International Research Institute for Climate and Society works with farmers, development organizations and agencies, insurance companies and other research institutes to design insurance products that are tailored to local and regional climate risks and economic systems. With the help of the Center for Research on Environmental Decisions, we&#8217;ve produced this video [&hellip;]",,,,,,,,
News/Feature,Climate Week Panel: Building Innovative Index Insurance Markets,https://iri.columbia.edu/news/first-climate-week-panel-to-focus-on-building-innovative-index-insurance-markets-in-developing-countries/,9/18/14,IRI,Climate_Week_Panel__Building_Innovative_Index_Insu.jpg,"First Climate Week Panel To Focus On Building Innovative Index Insurance Markets in Developing Countries NEW YORK, September 18, 2014 — A panel of leaders and experts from the business, humanitarian and research communities will convene this week at the Climate Week NYC to discuss the growing relevance of index insurance as a tool to [&hellip;]",,,,,,,,
News/Feature,Join us for Climate Week NYC 2014,https://iri.columbia.edu/news/climate-week-2014-iri-events/,9/16/14,Elisabeth Gawthrop,Join_us_for_Climate_Week_NYC_2014.gif,"The International Research Institute for Climate and Society (IRI) is co-hosting several events during Climate Week NYC 2014. See the schedule of IRI events below, and follow the links for more information. If you are a member of the media and would like to attend any of the events, please write to media @ iri.columbia.edu. Sustaining Health Linking Environment, [&hellip;]",,,,,,,,
News/Feature,Drought Insurance for Ganaderos in the Dominican Republic,https://iri.columbia.edu/news/development-of-drought-relief-tools-in-the-northwestern-dominican-republic/,8/25/14,Financial Instruments,Drought_Insurance_for_Ganaderos_in_the_Dominican_R.jpg,"By Sofía Martínez, Radost Stanimirova and Daniel Osgood Since January, the northwestern Dominican Republic has experienced one of the worst droughts in 15 years. Early work by the International Research Institute for Climate and Society and its partners on a project funded by the United States Agency for International Development has shown the potential for using [&hellip;]",,,,,,,,
News/Feature,Seeing More with Satellites: Improving Insurance for African Farmers,https://iri.columbia.edu/news/seeing-more-with-satellites-improving-insurance-for-african-farmers/,8/12/14,Financial Instruments,Seeing_More_with_Satellites__Improving_Insurance_f.jpg,"By Bristol Mann and Radost Stanimirova A group of climate scientists, economists and remote sensing experts from the International Research Institute for Climate and Society and NASA’s Goddard Space Flight Center are collaborating to help solve a longstanding issue in the development of agriculture insurance programs in Africa: how to generate enough quality environmental data [&hellip;]",,,,,,,,
News/Feature,IRI and U. of Arizona Team Up for Climate,https://iri.columbia.edu/news/iri-and-u-of-arizona-team-up-for-climate/,5/22/14,IRI,,"IRI and the University of Arizona address climate vulnerability in most at-risk areas of the world in new project The Caribbean, Asia’s Indo-Gangetic Plain and West Africa are three regions known to be extremely vulnerable to climate variability and change, particularly to droughts, extreme weather events and stresses on food production, water resources and coastal areas. A [&hellip;]",,,,,,,,
News/Feature,Online Crop Calendar Helps Indonesian Government Manage Climate Risk,https://iri.columbia.edu/news/online-cropping-calendar-helps-government-manage-climate-risk-indonesia/,3/31/14,Elisabeth Gawthrop,Online_Crop_Calendar_Helps_Indonesian_Government_M.jpg,"The International Research Institute for Climate and Society and the Center on Globalization and Sustainable Development at Columbia University are collaborating with the Centre for Climate Risk and Opportunity Management in Southeast Asia Pacific at Institut Pertanian Bogor (IPB &#8211; Bogor Agriculture University) in Indonesia to help farmers cope with droughts, fires and other climate impacts. The project, called “CU-IPB [&hellip;]",,,,,,,,
News/Feature,"Insuring 37,000 Rwandan Farmers Against Drought",https://iri.columbia.edu/news/insuring-37000-rwandan-farmers-against-drought/,8/22/13,Francesco Fiondella,Insuring_37_000_Rwandan_Farmers_Against_Drought.jpg,"Index insurance can lower the cost of insurance, allowing smallholder farmers to buy insurance that can help them withstand the impacts of bad years and risk making productive investments in good years. A key component of index insurance is historical data – often temperature or rainfall data – to use as a basis for creating an index that determines when insurance payouts [&hellip;]",,,,,,,,
News/Feature,An Index Insurance Primer,https://iri.columbia.edu/news/an-index-insurance-primer-2/,8/16/13,Francesco Fiondella,An_Index_Insurance_Primer.jpg,"IRI has put together a list of Frequently Asked Questions for the US Agency for International Development about index insurance and how it is being used in development and adaptation projects around the world. Download the FAQ or click on the image. If you&#8217;re looking for even more resources on index insurance, head over to our Financial [&hellip;]",,,,,,,,
News/Feature,Poor Ethiopian Farmers Receive &#8220;Unprecedented&#8221; Insurance Payout,https://iri.columbia.edu/news/poor-ethiopian-farmers-receive-unprecedented-insurance-payout/,12/12/12,Brian Kahn,Poor_Ethiopian_Farmers_Receive__Unprecedented__Ins.png,"Oxfam America and The Rockefeller Foundation announced a weather index insurance payout of unprecedented scale directly to poor farmers. Thanks to a groundbreaking new program that relies on advanced satellite technology, more than 12,200 farmers in 45 villages in Northern Ethiopia will benefit from drought protection. As a result of this year&#8217;s drought conditions each [&hellip;]",,,,,,,,
News/Feature,"Breaking the Poverty Trap in Ethiopia: Subsistence, Satellites, and Some Other Important Stuff",https://iri.columbia.edu/news/breaking-the-poverty-trap-in-ethiopia-subsistence-satellites-and-some-other-important-stuff-2/,8/29/12,Brian Kahn,,"Subsistence Two acres of cracked earth. In northern Ethiopia, it can be a trap that keeps farmers tethered to it for generations. Or it can be a springboard to a better life for this and future generations. What impedes it from showing its springier qualities? You could argue the biggest pressure on the land comes [&hellip;]",,,,,,,,
News/Feature,A model for improving climate services in Africa,https://iri.columbia.edu/news/a-model-for-improving-climate-services-in-africa/,2/1/12,Francesco Fiondella,,"In developed countries, we are accustomed to having access to long and detailed records on weather and climate conditions, demographics, disease incidence and many other types of data. Decision makers use this information for a variety of societal benefits: they spot trends, fine-tune public health systems and optimize crop yields, for example. Researchers use it [&hellip;]",,,,,,,,
News/Feature,Insuring Against Drought,https://iri.columbia.edu/news/insuring-against-drought/,9/2/11,Francesco Fiondella,,"In our latest video interview, research economist Dan Osgood discusses index insurance and how it is helping some poor rural communities reduce hardships caused by drought in East Africa: These products are becoming available to people for the first time at larges scales just this year. Given the difficulties of these [two] years, the farmers [&hellip;]",,,,,,,,
News/Feature,Leaders in index insurance expand their commitments in Ethiopia,https://iri.columbia.edu/news/leaders-in-index-insurance-expand-their-commitments-in-ethiopia/,9/28/09,Francesco Fiondella,Leaders_in_index_insurance_expand_their_commitment.jpg,"Swiss Re, Oxfam America, The Rockefeller Foundation and Columbia University&#8217;s International Research Institute for Climate and Society announced a joint Commitment to Action at the Clinton Global Initiative 2009 meeting in New York, held from September 22 to 25. The collaboration is aimed at helping communities most vulnerable to climate variability and change. It will [&hellip;]",,,,,,,,
News/Feature,Index insurance for development and disaster management,https://iri.columbia.edu/news/index-insurance-for-development-and-disaster-management/,6/24/09,IRI,Index_insurance_for_development_and_disaster_manag.jpg,"Para Espanol: Seguro &#8216;parametrico&#8217; y reduccion de la pobreza Pour Francais: Une assurance particuliere pour la gestion des risques climatiques Climate has always presented a challenge to farmers, herders, fishermen and others whose livelihoods are closely linked to their environment, particularly those in poor areas of the world. A type of insurance called index insurance [&hellip;]",,,,,,,,
News/Feature,Whats the Point Game,https://dosgoodcu.github.io/WhatsThePointGame/,7/8/25,Financial Instruments,hat.jpg,"This is a workflow example for a game to help farmers decide if there is any point in buying an offered insurance product, or if it is not right for them.",,,,,,,,
News/Feature,Evacuate phone game,https://dosgoodcu.github.io/Evacuate/evacuategame/,7/8/25,Financial Instruments,caribbeantable.jpg,Often disaster decisionmaking decisions are very complex.  Here is an illustration of how games can be helpful for example to help unpack issues,,,,,,,,
News/Feature,Making Insurance OK,https://dosgoodcu.github.io/SIPA_IFC_Capstone2025/,6/4/25,Financial Instruments-adapted from SIPA Insurance Capstone 2025,RayaFieldVisit.jpg,Here is an example of a workflow that could be used to look for items that would need follow up in an insurance product being offered by bidders.,,,,,,,,
News/Feature,How People can Build their Own Insurance,https://dosgoodcu.github.io/QuantCogeneration-Ethiopia/,7/30/25,Fi,WomanThinking2015Ethiopia.jpg,Insurance can be exploitive and harmful unless designed by the people it is intended to serve.  We have over a decade of experience with thousands of focus groups in dozens of countries making this work through scalable and affordable/ approaches.  This approach leads to more transparent reliable and fair insurance.  It increases demand and often leads to higher levels of accuracy then ever seen.  This workflow illustrates the process.,,,,,,,,
News/Feature,DESDR Open Insurance Toolkit,https://columbia-desdr.github.io/,9/1/25,DESDR Team,desdrlanding.png,"Traditional disaster risk management often relies on satellite data, which might not fully reflect the realities faced by vulnerable communities. DESDR (Decision Engine for Socioeconomic Disaster Risk) transforms this approach by integrating firsthand information from those most affected, enhancing accuracy and insight into disaster risks.",,,,,,,,
News/Feature,FI Led SIPA Capstone courses,https://www.sipa.columbia.edu/sipa-education/capstone-workshops/directory?search_api_fulltext=osgood&field_capstone_topic=All&field_capstone_semester=All&field_file=,5/1/25,Capstone Teams,2014_Columbia_University_Alma_Mater_closeup.jpg,"We have mentored a series of SIPA Masters Level Capstone (Class Project) courses over the years, mostly with Panos Varangis.  You can see all of these courses at this link.",,,,,,,,
News/Feature,SIPA CAPSTONE REPORT: What Questions Need to be Asked for Monitoring and Evaluation of Agricultural Insurance to Assist Smallholder Farmers and Humanitarian Funds?,https://www.sipa.columbia.edu/what-questions-need-be-asked-monitoring-and-evaluation-agricultural-insurance-assist-smallholder,5/1/25,SIPA CAPSTONE,farmersfixingindex.png,This is a the SIPA CAPSTONE course report on how someone running an insurance project might work with an insurance provider to identify issues to follow up on.,,,,,,,,
News/Feature,SIPA CAPSTONE REPORT: Expanding Insurance Coverage: Hybrid Index Solution for Small Farmers,https://www.sipa.columbia.edu/expanding-insurance-coverage-hybrid-index-solution-small-farmers,5/1/24,SIPA CAPSTONE,ZambiaAudit.png,"This is the SIPA CAPSTONE course report exploring hybrid methods for combining satellite, yield measurement, and ground information for lower cost, lower error insurance products.",,,,,,,,
News/Feature,SIPA CAPSTONE REPORT: Establishing a Complementary Risk Fund for Index Insurance,,5/1/23,SIPA CAPSTONE,premiumallocation.png,This SIPA CAPSTONE course report uses data from Ethiopia to calculate how to set up the correct size of fund to   address basis risk as reported by farmers,,,,,,,,
News/Feature,Weather Index Insurance Education: Sample Materials,https://ccsfist.github.io/wiiedu/,6/1/08,FI,headlightvisit.png,Weather Index Insurance Education: Classic  Materials. These have been used in many projects over the decades and are here for you to enjoy.,,,,,,,,
Publication,"Better Indexes: Farmer Input, Local Design Breakthroughs in Zambia","<a href=""https://fist.iri.columbia.edu/publications/docs/BetterIndexesZambia/"">Better Indexes: Farmer Input, Local Design Breakthroughs in Zambia</a>",,,,,IRI,2024,6,IRI Financial Instruments Team,,,,
Publication,Zambia FISP &#8211; Index Insurance Basis Risk Fund Design Proposal,"<a href=""https://fist.iri.columbia.edu/publications/docs/zambia_fisp_yieldaudit_2023/"">Zambia FISP &#8211; Index Insurance Basis Risk Fund Design Proposal</a>",,,,,,2023,6,IRI Financial Instruments Team,,,,
Publication,"The long-term impact of multi-season droughts on livestock holdings and Pastoralist decision-making in Marsabit, Kenya","<a href=""http://hdl.handle.net/10.1016/j.jaridenv.2022.104928"">The long-term impact of multi-season droughts on livestock holdings and Pastoralist decision-making in Marsabit, Kenya</a>",,,,,Elsevier,2023,4,"Max Mauerman<br />
Carson Rossa<br />
Elisabeth Ilboudo Nébié<br />
Weston Anderson<br />
Nathan Jensen<br />
Philemon Chelanga",Journal of Arid Environments,211,104928,
Publication,A Framework to Assess Remote Sensing Algorithms for Satellite-Based Flood Index Insurance,"<a href=""http://hdl.handle.net/10.1109/JSTARS.2023.3244098"">A Framework to Assess Remote Sensing Algorithms for Satellite-Based Flood Index Insurance</a>",,,,,IEEE,2023,4,"Mitchell Thomas<br />
Elizabeth Tellman<br />
Daniel E. Osgood<br />
Ben DeVries<br />
Akm Saiful Islam<br />
Michael S. Steckler<br />
Maxwell Goodman<br />
Maruf Billah",IEEE Journal of Selected Topics in Applied Earth Observations and Remote Sensing,16,,
Publication,An Information-Theoretic Approach to Reconciling Historical Climate Observations and Impacts on Agriculture,"<a href=""http://hdl.handle.net/10.1175/WCAS-D-22-0019.1"">An Information-Theoretic Approach to Reconciling Historical Climate Observations and Impacts on Agriculture</a>",,,,,AMS,2022,10,"Max Mauerman<br />
Emily Black<br />
Victoria L. Boult<br />
Rahel Diro<br />
Dan Osgood<br />
Helen Greatrex<br />
Thabbie Chillongo","Weather, Climate and Society",,,
Publication,High-Quality Historical Flood Data Reconstruction in Bangladesh Using Hidden Markov Models,"<a href=""http://hdl.handle.net/10.1007/978-3-030-95722-3_10"">High-Quality Historical Flood Data Reconstruction in Bangladesh Using Hidden Markov Models</a>",,,,,Springer,2022,3,"Max Mauerman<br />
Elizabeth Tellman<br />
Upmanu Lall<br />
Marco Tedesco<br />
Paolo Colosio<br />
Mitchell Thomas<br />
Daniel Osgood<br />
Arifuzzaman Bhuyan",,,,
Publication,Can we use forecasts to prepare for disasters?,"<a href=""https://fist.iri.columbia.edu/publications/docs/Forecasts4Action/"">Can we use forecasts to prepare for disasters?</a>",,,,,IRI,2022,2,IRI Financial Instruments Team,,,,
Publication,Impact pathways from climate services to SDG2 (“zero hunger”): A synthesis of evidence,"<a href=""http://hdl.handle.net/10.1016/j.crm.2022.100399"">Impact pathways from climate services to SDG2 (“zero hunger”): A synthesis of evidence</a>",,,,,ScienceDirect,2022,1,"James Hansen<br />
Geneva List<br />
Shauna Downs<br />
Edward R. Carr<br />
Rahel Diro<br />
Walter Baethgen<br />
Andrew Kruczkiewicz<br />
Melody Braun<br />
John Furlow<br />
Kayla Walsh<br />
Nitin Magima",Climate Risk Management,35,100399,
Publication,Widening the Scope of Disaster Preparedness in the Caribbean: Building Resilience Through Improving Climate Information,"<a href=""http://hdl.handle.net/10.1007/978-3-030-82774-8_5"">Widening the Scope of Disaster Preparedness in the Caribbean: Building Resilience Through Improving Climate Information</a>",,,,,"Springer, Cham.",2021,10,"Dookie D.S.<br />
Osgood D.E.",Small Island Developing States. The World of Small States,9,,
Publication,"Workshop Report:  ACToday Vietnam &#8211; Fundamentals of Index Insurance Course, March 2020","<a href=""https://iri.columbia.edu/wp-content/uploads/2021/08/Vietnam-IRI-ACToday-Fundamentals-of-Index-Insurance-Workshop-Report.pdf"">Workshop Report:  ACToday Vietnam &#8211; Fundamentals of Index Insurance Course, March 2020</a>",,,,,IRI,2021,7,"Timm, Benjamin",,,,
Publication,"Zambia FISP &#8211; Proposed Indexes Report, 2021/22","<a href=""https://fist.iri.columbia.edu/publications/docs/zambiaFISPindexdesign2021/"">Zambia FISP &#8211; Proposed Indexes Report, 2021/22</a>",,,,,IRI,2021,7,IRI Financial Instruments Team,,,,
Publication,Supporting interdisciplinary careers for sustainability,"<a href=""http://hdl.handle.net/https://doi.org/10.1038/s41893-020-00679-y"">Supporting interdisciplinary careers for sustainability</a>",,,,,Nature,2021,1,"J. Nicolas Hernandez-Aguilera<br />
Weston Anderson<br />
Allison L. Bridges<br />
M. Pilar Fernandez<br />
Winslow D. Hansen<br />
Megan L. Maurer<br />
Elisabeth K. Ilboudo Nébié<br />
Andy Stock",Nat Sustain,,,
Publication,"Rainy Days on Mondays: Storm Proxies, Human Actions and Disaster Outcomes in the Caribbean","<a href=""https://ssrn.com/abstract=3759941"">Rainy Days on Mondays: Storm Proxies, Human Actions and Disaster Outcomes in the Caribbean</a>",,,,,SSRN,2020,12,"Denyse S. Dookie<br />
Daniel Osgood",,,,
Publication,Effects of input vouchers and rainfall insurance on agricultural production and household welfare: Experimental evidence from northern Ethiopia,"<a href=""http://hdl.handle.net/10.1016/j.worlddev.2020.105074"">Effects of input vouchers and rainfall insurance on agricultural production and household welfare: Experimental evidence from northern Ethiopia</a>",,,,,Elsevier,2020,11,"Ho Lun Wong<br />
Xiangdong Wei<br />
Haftom Bayray Kahsay<br />
Zenebe Gebreegziabher<br />
Cornelis Gardebroek<br />
Daniel E. Osgood<br />
Rahel Diro",World Development,135,105074,
Publication,Games and Fieldwork in Agriculture: A Systematic Review of the 21st Century in Economics and Social Science,"<a href=""http://hdl.handle.net/10.3390/g11040047"">Games and Fieldwork in Agriculture: A Systematic Review of the 21st Century in Economics and Social Science</a>",,,,,,2020,10,"Hernandez- Aguilera, J.N.; <br />
Mauerman, <br />
M.; Herrera, A.; <br />
Vasilaky, K.; <br />
Baethgen, W.; <br />
Loboguerrero, A.M.; <br />
Diro, R.; <br />
Tesfamariam, Y.; <br />
Osgood, D.",Games,11,,
Publication,Why predict climate hazards if we need to understand impacts? Putting humans back into the drought equation,"<a href=""http://hdl.handle.net/10.1007/s10584-020-02878-0"">Why predict climate hazards if we need to understand impacts? Putting humans back into the drought equation</a>",,,,,Springer,2020,10,"M. Enenkel<br />
M.E. Brown<br />
J.V. Vogt<br />
J.L. McCarty<br />
A. Reid Bell<br />
D. Guha-Sapir<br />
W. Dorigo<br />
K. Vasilaky<br />
M. Svoboda<br />
R. Bonifacio<br />
M. Anderson<br />
C. Fund<br />
D. Osgood<br />
C. Hain<br />
P. Vinck",Climatic Change,2020,,
Publication,Identifying Precipitation and Reference Evapotranspiration Trends in West Africa to Support Drought Insurance,"<a href=""http://hdl.handle.net/10.3390/rs12152432"">Identifying Precipitation and Reference Evapotranspiration Trends in West Africa to Support Drought Insurance</a>",,,,,,2020,7,"Blakeley, S.L.<br />
Sweeney, S.<br />
Husak, G.<br />
Harrison, L.<br />
Funk, C.<br />
Peterson, P.<br />
Osgood, D.E.",Remote Sens.,,Earth Observation for Index Insurance,
Publication,Playing to Adapt: Crowdsourcing Historical Climate Data with Gamification to Improve Farmer&#8217;s Risk Management Instruments,"<a href=""http://hdl.handle.net/10.2139/ssrn.3639580"">Playing to Adapt: Crowdsourcing Historical Climate Data with Gamification to Improve Farmer&#8217;s Risk Management Instruments</a>",,,,,SSRN,2020,6,"J. Nicolas Hernandez-Aguilera<br />
Mauerman, Max<br />
Osgood, Daniel",SSRN,30-Jun-20,,
Publication,Perceptions of Farm Size Heterogeneity and Demand for Group Index Insurance,"<a href=""http://hdl.handle.net/10.3390/g11010015"">Perceptions of Farm Size Heterogeneity and Demand for Group Index Insurance</a>",,,,,MDPI,2020,3,"Vasilaky, K.<br />
Sáenz, S.M.<br />
Stanimirova, R.<br />
Osgood, D.",Games,11,2020,
Publication,Can disaster events reporting be used to drive remote sensing applications? A Latin America weather index insurancecase study,"<a href=""http://hdl.handle.net/10.1002/met.1790"">Can disaster events reporting be used to drive remote sensing applications? A Latin America weather index insurancecase study</a>",,,,,,2019,3,"Manuel Brahm<br />
Daniel Vila<br />
Sofia Martinez Saenz<br />
Daniel Osgood",Meteorological Applications,,,
Publication,Can Education Unlock Scale? The Demand Impact of Educational Games on a Large-Scale Unsubsidised Index Insurance Programme in Ethiopia,"<a href=""http://hdl.handle.net/10.1080/00220388.2018.1554207"">Can Education Unlock Scale? The Demand Impact of Educational Games on a Large-Scale Unsubsidised Index Insurance Programme in Ethiopia</a>",,,,,Taylor & Francis Group,2019,1,"Kathryn Vasilaky<br />
Rahel Diro <br />
Michael Norton<br />
Geoff McCarney<br />
Daniel Osgood",The Journal of development studies,,,
Publication,The Added Value of Satellite Soil Moisture for Agricultural Index Insurance,"<a href=""https://www.crcpress.com/Remote-Sensing-of-Hydrometeorological-Hazards/Petropoulos-Islam/p/book/9781498777582"">The Added Value of Satellite Soil Moisture for Agricultural Index Insurance</a>",,,,,CRC Press,2017,11,"Markus Enenkel <br />
Daniel Osgood<br />
Bristol Powell",,,,
Publication,Exploiting the Convergence of Evidence in Satellite Data for Advanced Weather Index Insurance Design,"<a href=""http://hdl.handle.net/10.1175/WCAS-D-17-0111.1"">Exploiting the Convergence of Evidence in Satellite Data for Advanced Weather Index Insurance Design</a>",,,,,American Meteorological Society,2018,7,"MARKUS ENENKEL<br />
DANIEL OSGOOD<br />
MARTHA ANDERSON<br />
BRISTOL POWELL<br />
JESSICA MCCARTY<br />
CHRISTOPHER NEIGH<br />
MARK CARROLL<br />
MARGARET WOOTEN<br />
GREG HUSAK<br />
CHRISTOPHER HAIN<br />
MOLLY BROWN","Weather, Climate, and Society",11,,
Publication,What Rainfall Does Not Tell Us—Enhancing Financial Instruments with Satellite-Derived Soil Moisture and Evaporative Stress,"<a href=""http://hdl.handle.net/10.3390/rs10111819"">What Rainfall Does Not Tell Us—Enhancing Financial Instruments with Satellite-Derived Soil Moisture and Evaporative Stress</a>",,,,,MDPI,2018,11,"Markus Enenkel <br />
Carlos Farah<br />
Christopher Hain<br />
Andrew White<br />
Martha Anderson<br />
Liangzhi You<br />
Wolfgang Wagner<br />
Daniel Osgood 1",Remote Sensing,10,11,
Publication,"Farmer Perception, Recollection, and Remote Sensing in Weather Index Insurance: An Ethiopia Case Study","<a href=""http://hdl.handle.net/10.3390/rs10121887"">Farmer Perception, Recollection, and Remote Sensing in Weather Index Insurance: An Ethiopia Case Study</a>",,,,,MDPI,2018,11,"Daniel Osgood <br />
Bristol Powell <br />
Rahel Diro <br />
Carlos Farah <br />
Markus Enenkel <br />
Molly E. Brown <br />
Greg Husak <br />
S. Lucille Blakeley<br />
Laura Hoffman<br />
Jessica L. McCarty",Remote Sensing,10,12,
Publication,"Scaling up agricultural adaptation through insurance: Bringing together insurance, big data and agricultural innovation","<a href=""https://cgspace.cgiar.org/handle/10568/92977"">Scaling up agricultural adaptation through insurance: Bringing together insurance, big data and agricultural innovation</a>",,,,,"CGIAR Research Program on Climate, Agriculture and Food Security",2017,5,"Hellin, Jon<br />
Hansen, James W<br />
Rose, Alison<br />
Braun, Melody",,,,
Publication,IRI Report: Factibilidad del uso de bases de datos climáticos para seguros de índice en América Latina,"<a href=""https://doi.org/10.7916/jrtg-f250"">IRI Report: Factibilidad del uso de bases de datos climáticos para seguros de índice en América Latina</a>",,,,,IRI,2015,12,"Osgood, Daniel",,,,
Publication,IRI Report: Feasibility of Global Weather Datasets for Index Insurance,"<a href=""http://iri.columbia.edu/wp-content/uploads/2016/10/IRI-SatelliteDataFeasibility-IndexInsurance.pdf"">IRI Report: Feasibility of Global Weather Datasets for Index Insurance</a>",,,,,IRI,2016,10,"Bristol Powell<br />
Manuel Brahm",,,,
Publication,Workshop Report: Thinking Outside the Boat About Climate Change Loss and Damage.,"<a href=""https://www.cigionline.org/sites/default/files/workshop_washington_march2016.pdf"">Workshop Report: Thinking Outside the Boat About Climate Change Loss and Damage.</a>",,,,,Centre for International Governance Innovation,2016,6,"David Estrin, CIGI<br />
Sue Vern Tan, CIGI<br />
Roger-Mark De Souza, Wilson Center<br />
Daniel Osgood, IRI<br />
Melody Braun, IRI<br />
Saleemul Huq, ICCCAD<br />
Masroora Haque, ICCCAD<br />
Dominique Souris",,,,
Publication,Hierarchical Bayes models for daily rainfall time series at multiple locations from heterogenous data sources,"<a href=""https://doi.org/10.7916/D8QF8SZ4"">Hierarchical Bayes models for daily rainfall time series at multiple locations from heterogenous data sources</a>",,,,,IRI,2016,,"Shirley, Kenneth<br />
Vasilaky, Kathryn N.<br />
Greatrex, Helen L.<br />
Osgood, Daniel E.",,,,
Publication,Scaling up index insurance for smallholder farmers: Recent evidence and insights.,"<a href=""https://cgspace.cgiar.org/bitstream/handle/10568/53101/CCAFS_Report14.pdf"">Scaling up index insurance for smallholder farmers: Recent evidence and insights.</a>",,,,,"CGIAR Research Program on Climate Change, Agriculture and Food Security",2015,1,"Greatrex Helen<br />
Hansen James W<br />
Garvin Samantha<br />
Diro Rahel<br />
Blakeley Sari<br />
Le Guen Margot<br />
Rao Kolli N<br />
Osgood, Daniel E",,14,,
Publication,Weather Index Insurance and Common Property Resources,"<a href=""http://hdl.handle.net/10.1017/S1068280500005530"">Weather Index Insurance and Common Property Resources</a>",,,,,NAREA,2014,12,"Bhattacharya, H.<br />
D.E. Osgood",Agricultural and Resource Economics Review,43,3,
Publication,"US Investments in International Climate Research and Applications: Reflections on Contributions to Interdisciplinary Climate Science and Services, Development, and Adaptation","<a href=""http://hdl.handle.net/10.1186/2194-6434-1-23"">US Investments in International Climate Research and Applications: Reflections on Contributions to Interdisciplinary Climate Science and Services, Development, and Adaptation</a>",,,,,Springer,2014,6,"Lisa Vaughan<br />
John Furlow<br />
Wayne Higgins<br />
Claudia Nierenberg<br />
Roger Pulwarty<br />",Earth Perspectives,1,,
Publication,Evidence of Demand for Index Insurance: Experimental Games and Commercial Transactions in Ethiopia,"<a href=""http://hdl.handle.net/10.1080/00220388.2014.887685"">Evidence of Demand for Index Insurance: Experimental Games and Commercial Transactions in Ethiopia</a>",,,,,Taylor & Francis,2014,5,"Michael Norton<br />
Daniel Osgood<br />
Malgosia Madajewicz<br />
Eric Holthaus<br />
Nicole Peterson<br />
Rahel Diro<br />
Conner Mullally<br />
Tse-Ling Tehg<br />
Mengesha Gebremichaelh",Journal of Development Studies,50,5,
Publication,Using Satellites to Make Index Insurance Scalable:   Final IRI Report to the International Labour Organisation &#8211; Microinsurance Innovation Facility,"<a href=""http://iri.columbia.edu/wp-content/uploads/2014/10/Using-Satellites-Scalable-Index-Insurance-IRI-ILO-report-2013.pdf"">Using Satellites to Make Index Insurance Scalable:   Final IRI Report to the International Labour Organisation &#8211; Microinsurance Innovation Facility</a>",,,,,IRI,2013,10,"Radost Stanimirova<br />
Helen Greatrex<br />
Rahel Diro<br />
Geoff McCarney <br />
Jessica Sharoff<br />
Bristol Mann<br />
Anthony Louis D’Agostino<br />
Marshall Rogers-Martinez<br />
Sarah Blakeley<br />
Christopher Small<br />
Pietro Ceccato<br />
Tufa Dinku<br />
Daniel E. Osgood",,,,
Publication,Responsibility in Index Insurance: The Importance of a Solid Science Base for Farmer-Driven Design,"<a href=""http://hdl.handle.net/10.2788/713"">Responsibility in Index Insurance: The Importance of a Solid Science Base for Farmer-Driven Design</a>",,,,,Publications Office of the European Union,2013,6,"Osgood, Daniel E",Proceeding of Workshop: The challenges of index-based insurance for food security in developing countries,,,
Publication,The challenges of index-based insurance for food security in developing countries,"<a href=""http://hdl.handle.net/10.2788/713"">The challenges of index-based insurance for food security in developing countries</a>",,,,,Publications Office of the European Union,2013,6,"Gommes, René<br />
Kayitakire, François",,,,
Publication,Climate at Different Spatial and Temporal Scales,"<a href=""http://hdl.handle.net/10.2788/713"">Climate at Different Spatial and Temporal Scales</a>",,,,,Publications Office of the European Union,2013,6,"Lyon, Bradfield",Proceeding of Workshop: The challenges of index-based insurance for food security in developing countries,,,
Publication,Capturing the Spatial Variability of Rainfall in Weather-Based Index Insurance,"<a href=""http://hdl.handle.net/10.2788/713"">Capturing the Spatial Variability of Rainfall in Weather-Based Index Insurance</a>",,,,,Publications Office of the European Union,2013,6,"Greatrex, Helen<br />
Grimes, David I. F.",Proceeding of Workshop: The challenges of index-based insurance for food security in developing countries,,,
Publication,Paleoclimate histories improve access and sustainability in index insurance programs,"<a href=""http://hdl.handle.net/10.1016/j.gloenvcha.2013.03.003"">Paleoclimate histories improve access and sustainability in index insurance programs</a>",,,,,Elsevier,2013,3,"Andrew R. Bell<br />
Daniel Osgood<br />
Benjamin I. Cook<br />
Kevin J. Anchukaitis<br />
Geoffrey McCarney<br />
Arthur Greene<br />
Brendan M. Buckley<br />
Edward R. Cook",Global Environmental Change,23,4,
Publication,The Advantages of Resource Queues over Spot Resource Markets: Decision Coordination in Experiments under Resource Uncertainty,"<a href=""http://hdl.handle.net/10.1093/ajae/aas065 "">The Advantages of Resource Queues over Spot Resource Markets: Decision Coordination in Experiments under Resource Uncertainty</a>",,,,,Oxford University Press,2012,8,"Miguel A. Fonseca<br />
Alexander Pfaff<br />
Daniel Osgood",American Journal of Agricultural Economics,94,5,
Publication,About time: An integrative approach to effective environmental policy,"<a href=""http://hdl.handle.net/10.1016/j.gloenvcha.2012.05.003"">About time: An integrative approach to effective environmental policy</a>",,,,,Elsevier,2012,8,"David J. Hardisty<br />
Ben Orlove<br />
David H. Krantz<br />
Arthur A. Small<br />
Kerry F. Milch<br />
Daniel E. Osgood",Global Environmental Change,22,3,
Publication,"Index Insurance, Production Practices, and Probabilistic Climate Forecasts","<a href=""http://hdl.handle.net/10.1111/j.1539-6975.2011.01422.x"">Index Insurance, Production Practices, and Probabilistic Climate Forecasts</a>",,,,,Wiley,2012,3,"Miguel A. Carriquiry<br />
Daniel E. Osgood",Journal of Risk and Insurance,79,1,
Publication,The Value of Information in Index Insurance for Farmers in Africa,"<a href=""http://hdl.handle.net/10.1007/978-94-007-4839-2_1"">The Value of Information in Index Insurance for Farmers in Africa</a>",,,,,Springer,2012,0,"Daniel Osgood<br />
Kenneth E. Shirley",,,,
Publication,How Do Homebuyers Value Different Types of Green Space?,"<a href=""http://purl.umn.edu/117210"">How Do Homebuyers Value Different Types of Green Space?</a>",,,,,,2011,8,"Rosalind H. Bark<br />
Daniel E. Osgood<br />
Bonnie Colby<br />
Eve B. Halper",Journal of Agricultural and Resource Economics,36,2,
Publication,IRI Technical Report 11-03: HARITA IRI Report to Oxfam America: Final Report for General IRI Capacity Building and Technical Support for HARITA Micro-Insurance Scale up (Re: ETH 018 /10),"<a href=""http://portal.iri.columbia.edu/portal/server.pt/gateway/PTARGS_0_5024_7136_0_0_18/TR10-08_HARITA%20Report%20to%20OXFAM%20June2010.pdf"">IRI Technical Report 11-03: HARITA IRI Report to Oxfam America: Final Report for General IRI Capacity Building and Technical Support for HARITA Micro-Insurance Scale up (Re: ETH 018 /10)</a>",,,,,International Research Institute for Climate and Society,2011,5,"Osgood, D.<br />
Sharoff, J.<br />
Holthaus, E.<br />
McLaurin, M.<br />
Norton, M.<br />",IRI Technical Report,,,
Publication,IRI Technical Report 10-10: Annex &#8211; Index Insurance and Climate Risk. Prospects for Development and Disaster Management,"<a href=""http://hdl.handle.net/10.7916/D8H41Z92"">IRI Technical Report 10-10: Annex &#8211; Index Insurance and Climate Risk. Prospects for Development and Disaster Management</a>",,,,,International Research Institute for Climate and Society,2010,8,"Osgood, D.<br />
Hellmuth, M. (eds)",IRI Technical Report,,,
Publication,IRI Technical Report 10-09: Technical Annex: HARITA IRI Report to Oxfam America &#8211; Interim Report deliverable for GLO 002/10: General IRI Planning and Technical Support for Harita Micro-Insurance Pilot &#8211; June 2010,"<a href=""http://portal.iri.columbia.edu/portal/server.pt/gateway/PTARGS_0_4972_7137_0_0_18/TR10-09%20Technical%20Annex%20HARITA%20jUNE%202010.pdf"">IRI Technical Report 10-09: Technical Annex: HARITA IRI Report to Oxfam America &#8211; Interim Report deliverable for GLO 002/10: General IRI Planning and Technical Support for Harita Micro-Insurance Pilot &#8211; June 2010</a>",,,,,International Research Institute for Climate and Society,2010,6,"Chen, J.<br />
Dinku, T.<br />
Holthaus, E. <br />
Lyon, B.<br />
Madajewicz, M.<br />
Mullaly, C.<br />
Norton, M.<br />
Osgood, D.<br />
Pascualini, A.<br />
Pant, S.<br />
Peterson, N.<br />
Saavedra, R. <br />
Sharoff, J.<br />
Shirley, K. E. <br />
Small, C. <br />
Stiffel, S.<br />
The, T.-L.",IRI Technical Report,,,
Publication,IRI Technical Report 10-08: HARITA IRI Report to Oxfam America. Final Report for IRI MIEL Planning &#038; Technical Support for HARITA Micro-Insurance Pilot USA 536 / 09. June 2010.,"<a href=""http://portal.iri.columbia.edu/portal/server.pt/gateway/PTARGS_0_4972_7136_0_0_18/TR10-08_HARITA%20Report%20to%20OXFAM%20June2010.pdf"">IRI Technical Report 10-08: HARITA IRI Report to Oxfam America. Final Report for IRI MIEL Planning &#038; Technical Support for HARITA Micro-Insurance Pilot USA 536 / 09. June 2010.</a>",,,,,International Research Institute for Climate and Society,2010,6,"Chen, J.<br />
Dinku, T.<br />
Holthaus, E.<br />
Lyon, B.<br />
Madajewicz, M. <br />
Mullaly, C. <br />
Norton, M. <br />
Osgood, D. <br />
Pascualini, A. <br />
Pant, S. <br />
Peterson, N. <br />
Saavedra, R. <br />
Sharoff, J. <br />
Shirley, K. E. <br />
Small, C. <br />
Stiffel, S. <br />
Teh, T.-L.",IRI Technical Report,,,
Publication,Clima y Sociedad No. 2: Seguros en base a indices climaticos y riesgo climatico: Perspectivas para el desarrollo y la gestion de desastres,"<a href=""http://iri.columbia.edu/csp2/spanish/download"">Clima y Sociedad No. 2: Seguros en base a indices climaticos y riesgo climatico: Perspectivas para el desarrollo y la gestion de desastres</a>",,,,,International Research Institute for Climate and Society,2010,3,"Hellmuth, M.<br />
Osgood, D.<br />
Hess, U.<br />
Moorhead, A.<br />
Bhojwani, H.",IRI Climate and Society Series,,,
Publication,Disease Forecasts and Livestock Health Disclosure: a Shepherd&#8217;s Dilemma,"<a href=""http://hdl.handle.net/10.1093/ajae/aap042"">Disease Forecasts and Livestock Health Disclosure: a Shepherd&#8217;s Dilemma</a>",,,,,Agricultural and Applied Economics Association,2010,2,"Sheriff, G.<br />
D. Osgood.",American Journal of Agricultural Economic,,,
Publication,,Contributions of Agricultural Systems Modeling to Weather Index Insurance,,,,,IRI,2010,0,"Baethgen, W.E.; Hansen, J. W.; Ines, A.V.M.; Jones, J. W.; Meinke, H; Steduto, P.",IRI Climate and Society Series,2,,
Publication,Long-term Impacts of Droughts on Labour Markets in Developing Countries: Evidence from Brazil,"<a href=""http://hdl.handle.net/10.1080/00220380902935865"">Long-term Impacts of Droughts on Labour Markets in Developing Countries: Evidence from Brazil</a>",,,,,Taylor & Francis,2009,10,"Valerie A. Mueller<br />
Daniel E. Osgood",The Journal of Development Studies,45,10,
Publication,Long-Term Consequences of Short-Term Precipitation Shocks: Evidence from Brazilian Migrant Households,"<a href=""http://hdl.handle.net/10.1111/j.1574-0862.2009.00399.x"">Long-Term Consequences of Short-Term Precipitation Shocks: Evidence from Brazilian Migrant Households</a>",,,,,Wiley,2009,9,"Valerie Mueller<br />
Daniel Osgood",Agricultural Economics,40,6,
Publication,"IRI Technical Report 09-04. Designing Index-Based Weather Insurance for Farmers in Adi Ha, Ethiopia. Report to OXFAM America","<a href=""http://portal.iri.columbia.edu/portal/server.pt/gateway/PTARGS_0_4972_6332_0_0_18/rpt09-04%202009_EthiopiaInsuranceReporttoOxfam.pdf"">IRI Technical Report 09-04. Designing Index-Based Weather Insurance for Farmers in Adi Ha, Ethiopia. Report to OXFAM America</a>",,,,,International Research Institute for Climate and Society,2009,8,"Dinku, T.<br />
Giannini, A.<br />
Hansen, J.<br />
Holthaus, E.<br />
Ines, A.<br />
Kaheil, Y.<br />
Karnauskas, K.<br />
Lyon, B.<br />
Madajewicz, M.<br />
Mclaurin, M.<br />
Mullally, C.<br />
Norton, M.<br />
Osgood, D.<br />
Peterson, N.<br />
Robertson, A.<br />
Shirley, K.<br />
Small, C.<br />
Vicarelli, M.",IRI Technical Report,,,
Publication,Climate and Society No. 2. Index insurance and climate risk: propects for development and disaster management,"<a href=""https://iri.columbia.edu/wp-content/uploads/2013/07/Climate-and-Society-Issue-Number-2.pdf"">Climate and Society No. 2. Index insurance and climate risk: propects for development and disaster management</a>",,,,,International Research Institute for Climate and Society,2009,6,"Hellmuth, M.<br />
Osgood, D.<br />
Hess, U.<br />
Moorhead, A.<br />
Bhojwani, H.",IRI Climate and Society Series,,,
Publication,Habitat preservation and restoration: Do homebuyers have preference for quality habitat?,"<a href=""http://hdl.handle.net/10.1016/j.ecolecon.2008.10.005"">Habitat preservation and restoration: Do homebuyers have preference for quality habitat?</a>",,,,,Elsevier,2009,3,"Bark-Hodgkins, R.H.<br />
Osgood, D. E.<br />
Colby, B.G.<br />
Katz, G.<br />
Stromberg, J.",Ecological Economics,68,,
Publication,IRI Technical Report 09-01. Designing Index-Based Weather Insurance for Farmers in Central America,"<a href=""http://portal.iri.columbia.edu/portal/server.pt/gateway/PTARGS_0_4972_3322_0_0_18/Central.America.Report.pdf"">IRI Technical Report 09-01. Designing Index-Based Weather Insurance for Farmers in Central America</a>",,,,,International Research Institute for Climate and Society,2009,3,"Giannini, A.<br />
Hansen, J.<br />
Holthaus, E.<br />
Ines, A.<br />
Kaheil, Y.<br />
Karnauskas, K.<br />
McLaurin, M.<br />
Osgood, D.<br />
Robertson, A.<br />
Shirley, K.<br />
Vicarelli, M.",IRI Technical Report,,,
Publication,Managing hydroclimatological risk to water supply with option contracts and reservoir index insurance,"<a href=""http://hdl.handle.net/10.1029/2007wr006093"">Managing hydroclimatological risk to water supply with option contracts and reservoir index insurance</a>",,,,,American Geophysical Union,2007,11,"Brown, C.<br />
Carriquiry, M.",Water Resources Research,43,11,
Publication,"Designing Index-Based Weather Insurance for Farmers In Central America: Final Report to the World Bank Commodity Risk Management Group, ARD","<a href=""https://doi.org/10.7916/D8DF6Z20"">Designing Index-Based Weather Insurance for Farmers In Central America: Final Report to the World Bank Commodity Risk Management Group, ARD</a>",,,,,IRI,2007,6,"Osgood, Daniel E.<br />
McLaurin, Megan<br />
Carriquiry, Miguel<br />
Mishra, Ashok<br />
Fiondella, Francesco<br />
Hansen, James W.<br />
Peterson, Nicole<br />
Ward, M. Neil",,,,
Publication,Technical annex : HARITA IRI report to Oxfam America,"<a href=""https://doi.org/10.7916/D8MW2Q01"">Technical annex : HARITA IRI report to Oxfam America</a>",,,,,,2010,,"Osgood, Daniel E.",,,,
Publication,HARITA IRI report to Oxfam America,"<a href=""https://doi.org/10.7916/D8RJ4RBG"">HARITA IRI report to Oxfam America</a>",,,,,,2010,,"Osgood, Daniel E.",,,,
Publication,Science-based insurance,"<a href=""https://doi.org/10.7916/mhq4-e811"">Science-based insurance</a>",,,,,,2011,,"Brown, Molly E.<br />
Osgood, Daniel E.<br />
Carriquiry, Miguel A.",,,,
Publication,Farmers’ knowledge improves identification of drought impacts: A nationwide statistical analysis in Zambia,"<a href=""https://doi.org/10.7916/zcrk-c626"">Farmers’ knowledge improves identification of drought impacts: A nationwide statistical analysis in Zambia</a>",,,,,,2025,,"Mauerman, Max<br />
Osbahr, Henny<br />
Black, Emily<br />
Osgood, Daniel<br />
Chelwa, Grieve<br />
Mushinge, Bernadette",,,,
Publication,Climate variability through the lens of applied weather index insurance in Senegal-a novel perspective on the implications of decadal variation,"<a href=""https://doi.org/10.7916/zny2-ae06"">Climate variability through the lens of applied weather index insurance in Senegal-a novel perspective on the implications of decadal variation</a>",,,,,,2024,,"Osgood, Daniel E.<br />
Blakeley, S. Lucille<br />
Ouni, Souha<br />
Enenkel, Markus<br />
Braun, Melody<br />
Lebel, Thierry<br />
Giannini, Alessandra",,,,
Publication,Innovations in Climate Risk Management: Protecting and Building Rural Livelihoods in a Variable and Changing Climate,"<a href=""https://doi.org/10.7916/D8ZW1S4C"">Innovations in Climate Risk Management: Protecting and Building Rural Livelihoods in a Variable and Changing Climate</a>",,,,,,2007,,"Hansen, James W.<br />
Baethgen, Walter E.<br />
Osgood, Daniel E.<br />
Ceccato, Pietro N.<br />
Ngugi, Robinson Kinuthia",,,,
Publication,Bridging critical gaps in climate services and applications in Africa,"<a href=""https://doi.org/10.7916/D8V69H3T"">Bridging critical gaps in climate services and applications in Africa</a>",,,,,,2014,,"Dinku, Tufa<br />
Block, Paul<br />
Sharoff, Jessica<br />
Hailemariam, Kinfe<br />
Osgood, Daniel E.<br />
del Corral, John C.<br />
Cousin, Remi<br />
Thomson, Madeleine C.",,,,
Publication,International Research Institute for Climate and Society,"<a href=""https://doi.org/10.7916/k69x-ta59"">International Research Institute for Climate and Society</a>",,,,,,2013,,"Stanimirova, Radost<br />
Greatrex, Helen<br />
Diro, Rahel<br />
Sharoff, Jessica<br />
Mann, Bristol<br />
D’Agostino, Anthony Louis<br />
Rogers-Martinez, Marshall<br />
Blakeley, Sarah<br />
Small, Christopher<br />
Ceccato, Pietro<br />
Dinku, Tufa<br />
Osgood, Daniel E.",,,,
Publication,Working Paper: Poverty Traps and Climate and Weather Risk: Limitations and Opportunities of Index-based Risk Financing,"<a href=""https://doi.org/10.7916/D82231MZ"">Working Paper: Poverty Traps and Climate and Weather Risk: Limitations and Opportunities of Index-based Risk Financing</a>",,,,,,2007,,"Barrett, Christopher B.<br />
Barnett, Barry J.<br />
Carter, Michael R.<br />
Chantarat, Sommarat<br />
Hansen, James W.<br />
Mude, Andrew G.<br />
Osgood, Daniel E.<br />
Skees, Jerry R.<br />
Turvey, Calum G.<br />
Ward, M. Neil",,,,
Publication,"Designing Index-Based Weather Insurance for Farmers in Adi Ha, Ethiopia: Report to OXFAM America, July 2009","<a href=""https://doi.org/10.7916/D8CF9WZN"">Designing Index-Based Weather Insurance for Farmers in Adi Ha, Ethiopia: Report to OXFAM America, July 2009</a>",,,,,,2009,,"Dinku, Tufa<br />
Giannini, Alessandra<br />
Hansen, James W.<br />
Holthaus, Eric<br />
Ines, Amor Valeriano M.<br />
Kaheil, Yasir<br />
Karnauskas, Kristopher B.<br />
Lyon, Bradfield<br />
Madajewicz, Malgosia<br />
McLaurin, Megan<br />
Mullally, Connor<br />
Norton, Michael T.<br />
Osgood, Daniel E.<br />
Peterson, Nicole<br />
Robertson, Andrew W.<br />
Shirley, Kenneth<br />
Small, Christopher<br />
Vicarelli, Marta",,,,
Publication,Essays on Using Climate Information in Disaster and Climate Risk Management,"<a href=""https://doi.org/10.7916/d8-2rqg-n386"">Essays on Using Climate Information in Disaster and Climate Risk Management</a>",,,,,,2020,,"Dookie, Denyse Shivani",,,,
